22,22,17,17,17,17,17,17,17,17,17,17,17,17,17,17,17,17,17,17,17,23,23,23,23,23,23,23,23,23,23,23,23,23,23,23,23,23,23,23,23,16,16,3,3,3,3,3,3,3,3,3,3,3,3,3,3,3,3,3,3,3,3,3,3,3,3,3,26,26,26,26,26,26,26,26,26,26,26,26,26,26,26,26,26,26,26,26,26,26,22,22,22,22,22,22,22,22,22,22
22,22,22,17,17,17,17,17,17,17,17,17,17,17,17,17,17,17,17,17,17,23,23,23,23,23,23,23,23,23,23,23,23,23,23,23,23,23,23,23,23,23,16,3,3,3,3,3,3,3,3,3,3,3,3,3,3,3,3,3,3,3,3,3,3,3,3,28,26,26,26,26,26,26,26,26,26,26,26,26,26,26,26,26,26,26,26,26,26,22,22,22,22,22,22,22,22,22,22,22
22,22,22,17,17,17,17,17,17,17,17,17,17,17,17,17,17,17,17,17,17,17,23,23,23,23,23,23,23,23,23,23,23,23,23,23,23,23,23,23,23,20,20,20,3,3,3,3,3,3,3,3,3,3,3,3,3,3,3,3,3,3,3,3,3,28,28,28,28,26,26,26,26,26,26,26,26,26,26,26,26,26,26,26,26,26,26,26,26,22,22,22,22,22,22,22,22,22,22,22
22,22,22,22,17,17,17,17,17,17,17,17,17,17,17,17,17,17,17,17,17,17,6,23,23,23,23,23,23,23,23,23,23,23,23,23,23,23,23,23,20,20,20,20,20,20,3,3,3,3,3,3,3,3,3,3,3,3,3,3,3,3,3,3,28,28,28,28,28,28,26,26,26,26,26,26,26,26,26,26,26,26,26,26,26,26,26,26,22,22,22,22,22,22,22,22,22,22,22,22
22,22,22,22,22,17,17,17,17,17,17,17,17,17,17,17,17,17,17,17,17,6,6,6,6,6,6,6,6,6,6,6,6,6,6,6,6,6,6,20,20,20,20,20,20,20,20,3,3,3,3,3,3,3,3,3,3,3,3,3,3,3,28,28,28,28,28,28,28,28,28,26,26,26,26,26,26,26,26,26,26,26,26,26,26,26,26,22,22,22,22,22,22,22,22,22,22,22,22,22
22,22,22,22,22,17,17,17,17,17,17,17,17,17,17,17,17,17,17,17,17,6,6,6,6,6,6,6,6,6,6,6,6,6,6,6,6,6,6,20,20,20,20,20,20,20,20,20,20,3,3,3,3,3,3,3,3,3,3,3,28,28,28,28,28,28,28,28,28,28,28,28,26,26,26,26,26,26,26,26,26,26,26,26,26,1,1,22,22,22,22,22,22,22,22,22,22,22,22,22
22,22,22,22,22,22,17,17,17,17,17,17,17,17,17,17,17,17,17,17,6,6,6,6,6,6,6,6,6,6,6,6,6,6,6,6,6,6,6,20,20,20,20,20,20,20,20,20,20,20,3,3,3,3,3,3,3,3,28,28,28,28,28,28,28,28,28,28,28,28,28,28,28,1,1,1,1,1,1,1,1,1,1,1,1,1,1,22,22,22,22,22,22,22,22,22,22,22,22,22
22,22,22,22,22,22,17,17,17,17,17,17,17,17,17,17,17,17,17,17,6,6,6,6,6,6,6,6,6,6,6,6,6,6,6,6,6,6,20,20,20,20,20,20,20,20,20,20,20,20,20,20,3,3,3,3,28,28,28,28,28,28,28,28,28,28,28,28,28,28,28,28,28,1,1,1,1,1,1,1,1,1,1,1,1,1,1,22,22,22,22,22,22,22,22,22,22,22,22,22
22,22,22,22,22,22,22,17,17,17,17,17,17,17,17,17,17,17,17,6,6,6,6,6,6,6,6,6,6,6,6,6,6,6,6,6,6,6,20,20,20,20,20,20,20,20,20,20,20,20,20,20,20,3,28,28,28,28,28,28,28,28,28,28,28,28,28,28,28,28,28,28,28,1,1,1,1,1,1,1,1,1,1,1,1,1,1,1,22,22,22,22,22,22,22,22,22,22,22,22
22,22,22,22,22,22,22,17,17,17,17,17,17,17,17,17,17,17,6,6,6,6,6,6,6,6,6,6,6,6,6,6,6,6,6,6,6,6,20,20,20,20,20,20,20,20,20,20,20,20,20,20,20,20,28,28,28,28,28,28,28,28,28,28,28,28,28,28,28,28,28,28,28,1,1,1,1,1,1,1,1,1,1,1,1,1,1,1,22,22,22,22,22,22,22,22,22,22,22,22
22,22,22,22,22,22,22,22,17,17,17,17,17,17,17,17,17,17,6,6,6,6,6,6,6,6,6,6,6,6,6,6,6,6,6,6,6,20,20,20,20,20,20,20,20,20,20,20,20,20,20,20,20,20,28,28,28,28,28,28,28,28,28,28,28,28,28,28,28,28,28,28,1,1,1,1,1,1,1,1,1,1,1,1,1,1,1,1,22,22,22,22,22,22,22,22,22,22,22,22
22,22,22,22,22,22,22,22,22,17,17,17,17,14,14,14,14,14,6,6,6,6,6,6,6,6,6,6,6,6,6,6,6,6,6,6,6,20,20,20,20,20,20,20,20,20,20,20,20,20,20,20,20,20,28,28,28,28,28,28,28,28,28,28,28,28,28,28,28,28,28,28,1,1,1,1,1,1,1,1,1,1,1,1,1,1,1,1,22,22,22,22,22,22,22,22,22,22,22,22
22,22,22,22,22,22,22,22,22,14,14,14,14,14,14,14,14,14,14,6,6,6,6,6,6,6,6,6,6,6,6,6,6,6,6,6,6,20,20,20,20,20,20,20,20,20,20,20,20,20,20,20,20,20,20,28,28,28,28,28,28,28,28,28,28,28,28,28,28,28,28,28,1,1,1,1,1,1,1,1,1,1,1,1,1,1,1,1,1,22,22,22,22,22,22,22,22,22,22,22
22,22,22,22,22,22,22,22,14,14,14,14,14,14,14,14,14,14,14,14,6,6,6,6,6,6,6,6,6,6,6,6,6,6,6,6,6,20,20,20,20,20,20,20,20,20,20,20,20,20,20,20,20,20,20,28,28,28,28,28,28,28,28,28,28,28,28,28,28,28,28,28,1,1,1,1,1,1,1,1,1,1,1,1,1,1,1,1,1,22,22,22,22,22,22,22,22,22,22,22
22,22,22,22,22,22,22,22,14,14,14,14,14,14,14,14,14,14,14,14,14,6,6,6,6,6,6,6,6,6,6,6,6,6,6,6,20,20,20,20,20,20,20,20,20,20,20,20,20,20,20,20,20,20,20,28,28,28,28,28,28,28,28,28,28,28,28,28,28,28,28,28,1,1,1,1,1,1,1,1,1,1,1,1,1,1,1,1,1,22,22,22,22,22,22,22,22,22,22,22
22,22,22,22,22,22,22,14,14,14,14,14,14,14,14,14,14,14,14,14,14,6,6,6,6,6,6,6,6,6,6,6,6,6,6,6,20,20,20,20,20,20,20,20,20,20,20,20,20,20,20,20,20,20,20,28,28,28,28,28,28,28,28,28,28,28,28,28,28,28,28,1,1,1,1,1,1,1,1,1,1,1,1,1,1,1,1,1,1,22,22,22,22,22,22,22,22,22,22,22
22,22,22,22,22,22,14,14,14,14,14,14,14,14,14,14,14,14,14,14,14,14,6,6,6,6,6,6,6,6,6,6,6,6,6,6,20,20,20,20,20,20,20,20,20,20,20,20,20,20,20,20,20,20,20,28,28,28,28,28,28,28,28,28,28,28,28,28,28,28,28,1,1,1,1,1,1,1,1,1,1,1,1,1,1,1,1,1,1,1,22,22,22,22,22,22,22,22,22,22
22,22,22,22,22,22,14,14,14,14,14,14,14,14,14,14,14,14,14,14,14,14,14,6,6,6,6,6,6,6,6,6,6,6,6,6,20,20,20,20,20,20,20,20,20,20,20,20,20,20,20,20,20,20,20,20,28,28,28,28,28,28,28,28,28,28,28,28,28,28,28,1,1,1,1,1,1,1,1,1,1,1,1,1,1,1,1,1,1,1,22,22,22,22,22,22,22,22,22,22
22,22,22,22,18,18,14,14,14,14,14,14,14,14,14,14,14,14,14,14,14,14,14,14,6,6,6,6,6,6,6,6,6,6,6,20,20,20,20,20,20,20,20,20,20,20,20,20,20,20,20,20,20,20,20,20,28,28,28,28,28,28,28,28,28,28,28,28,28,28,28,1,1,1,1,1,1,1,1,1,1,1,1,1,1,1,1,1,1,13,13,22,22,22,22,22,22,22,22,22
18,18,18,18,18,18,14,14,14,14,14,14,14,14,14,14,14,14,14,14,14,14,14,14,6,6,6,6,6,6,6,6,6,6,6,20,20,20,20,20,20,20,20,20,20,20,20,20,20,20,20,20,20,20,20,20,28,28,28,28,28,28,28,28,28,28,28,21,21,21,21,21,1,1,1,1,1,1,1,1,1,1,1,1,1,1,1,13,13,13,13,13,22,22,22,22,22,22,22,22
18,18,18,18,18,18,18,14,14,14,14,14,14,14,14,14,14,14,14,14,14,14,14,14,14,6,6,6,6,6,6,6,6,15,15,15,20,20,20,20,20,20,20,20,20,20,20,20,20,20,20,20,20,20,20,20,28,28,28,28,28,28,28,21,21,21,21,21,21,21,21,21,21,1,1,1,1,1,1,1,1,1,1,1,1,13,13,13,13,13,13,13,13,22,22,22,18,18,18,18
18,18,18,18,18,18,18,14,14,14,14,14,14,14,14,14,14,14,14,14,14,14,14,14,14,14,6,6,6,6,6,15,15,15,15,15,15,15,20,20,20,20,20,20,20,20,20,20,20,20,20,20,20,20,20,20,28,28,28,28,21,21,21,21,21,21,21,21,21,21,21,21,21,21,1,1,1,1,1,1,1,1,1,13,13,13,13,13,13,13,13,13,13,13,18,18,18,18,18,18
18,18,18,18,18,18,18,18,14,14,14,14,14,14,14,14,14,14,14,14,14,14,14,14,14,14,14,6,15,15,15,15,15,15,15,15,15,15,15,20,20,20,20,20,20,20,20,20,20,20,20,20,20,20,20,20,20,21,21,21,21,21,21,21,21,21,21,21,21,21,21,21,21,21,21,1,1,1,1,1,1,13,13,13,13,13,13,13,13,13,13,13,13,13,18,18,18,18,18,18
18,18,18,18,18,18,18,18,18,14,14,14,14,14,14,14,14,14,14,14,14,14,14,14,14,14,14,15,15,15,15,15,15,15,15,15,15,15,15,15,15,20,20,20,20,20,20,20,20,20,20,20,20,20,20,20,21,21,21,21,21,21,21,21,21,21,21,21,21,21,21,21,21,21,21,21,21,1,13,13,13,13,13,13,13,13,13,13,13,13,13,13,13,13,18,18,18,18,18,18
18,18,18,18,18,18,18,18,18,14,14,14,14,14,14,14,14,14,14,14,14,14,14,14,14,14,15,15,15,15,15,15,15,15,15,15,15,15,15,15,15,15,20,20,20,20,20,20,20,20,20,20,20,29,29,29,29,21,21,21,21,21,21,21,21,21,21,21,21,21,21,21,21,21,21,21,21,13,13,13,13,13,13,13,13,13,13,13,13,13,13,13,13,13,18,18,18,18,18,18
18,18,18,18,18,18,18,18,18,18,14,14,14,14,14,14,14,14,14,14,14,14,14,14,14,14,15,15,15,15,15,15,15,15,15,15,15,15,15,15,15,15,15,15,20,20,20,20,20,20,20,29,29,29,29,29,29,21,21,21,21,21,21,21,21,21,21,21,21,21,21,21,21,21,21,21,21,13,13,13,13,13,13,13,13,13,13,13,13,13,13,13,13,13,18,18,18,18,18,18
18,18,18,18,18,18,18,18,18,18,14,14,14,14,14,14,14,14,14,14,14,14,14,14,14,15,15,15,15,15,15,15,15,15,15,15,15,15,15,15,15,15,15,15,15,20,20,20,29,29,29,29,29,29,29,29,29,29,21,21,21,21,21,21,21,21,21,21,21,21,21,21,21,21,21,21,21,13,13,13,13,13,13,13,13,13,13,13,13,13,13,13,13,13,18,18,18,18,18,18
18,18,18,18,18,18,18,18,18,18,18,14,14,14,14,14,14,14,14,14,14,14,14,14,14,15,15,15,15,15,15,15,15,15,15,15,15,15,15,15,15,15,15,15,15,15,29,29,29,29,29,29,29,29,29,29,29,29,29,21,21,21,21,21,21,21,21,21,21,21,21,21,21,21,21,21,21,13,13,13,13,13,13,13,13,13,13,13,13,13,13,13,13,13,18,18,18,18,18,18
18,18,18,18,18,18,18,18,18,18,18,18,14,14,14,14,14,14,14,14,14,14,14,14,15,15,15,15,15,15,15,15,15,15,15,15,15,15,15,15,15,15,15,15,15,15,29,29,29,29,29,29,29,29,29,29,29,29,29,21,21,21,21,21,21,21,21,21,21,21,21,21,21,21,21,21,21,13,13,13,13,13,13,13,13,13,13,13,13,13,13,13,13,13,18,18,18,18,18,18
18,18,18,18,18,18,18,18,18,18,18,18,14,14,14,14,14,14,14,14,14,14,14,14,15,15,15,15,15,15,15,15,15,15,15,15,15,15,15,15,15,15,15,15,15,15,29,29,29,29,29,29,29,29,29,29,29,29,29,29,21,21,21,21,21,21,21,21,21,21,21,21,21,21,21,21,21,13,13,13,13,13,13,13,13,13,13,13,13,13,13,13,13,13,18,18,18,18,18,18
18,18,18,18,18,18,18,18,18,18,18,18,18,14,14,14,11,11,11,11,11,11,11,11,15,15,15,15,15,15,15,15,15,15,15,15,15,15,15,15,15,15,15,15,15,29,29,29,29,29,29,29,29,29,29,29,29,29,29,29,21,21,21,21,21,21,21,21,21,21,21,21,21,21,21,21,21,13,13,13,13,13,13,13,13,13,13,13,13,13,13,13,13,13,18,18,18,18,18,18
18,18,18,18,18,18,18,18,18,18,18,18,11,11,11,11,11,11,11,11,11,11,11,11,15,15,15,15,15,15,15,15,15,15,15,15,15,15,15,15,15,15,15,15,15,29,29,29,29,29,29,29,29,29,29,29,29,29,29,29,29,21,21,21,21,21,21,21,21,21,21,21,21,21,21,21,21,13,13,13,13,13,13,13,13,13,13,13,13,13,13,13,13,13,18,18,18,18,18,18
18,18,18,18,18,18,18,18,18,18,18,11,11,11,11,11,11,11,11,11,11,11,11,11,11,15,15,15,15,15,15,15,15,15,15,15,15,15,15,15,15,15,15,15,15,29,29,29,29,29,29,29,29,29,29,29,29,29,29,29,29,21,21,21,21,21,21,21,21,21,21,21,21,21,21,21,21,13,13,13,13,13,13,13,13,13,13,13,13,13,13,13,13,13,18,18,18,18,18,18
18,18,18,18,18,18,18,18,18,18,11,11,11,11,11,11,11,11,11,11,11,11,11,11,11,15,15,15,15,15,15,15,15,15,15,15,15,15,15,15,15,15,15,15,15,29,29,29,29,29,29,29,29,29,29,29,29,29,29,29,29,29,21,21,21,21,21,21,21,21,21,21,21,21,21,21,21,13,13,13,13,13,13,13,13,13,13,13,13,13,13,13,13,13,18,18,18,18,18,18
18,18,18,18,18,18,18,18,18,18,11,11,11,11,11,11,11,11,11,11,11,11,11,11,11,11,15,15,15,15,15,15,15,15,15,15,15,15,15,15,15,15,15,15,29,29,29,29,29,29,29,29,29,29,29,29,29,29,29,29,29,29,29,21,21,21,21,21,21,21,21,21,21,21,21,21,12,13,13,13,13,13,13,13,13,13,13,13,13,13,13,13,13,13,18,18,18,18,18,18
18,18,18,18,18,18,18,18,18,11,11,11,11,11,11,11,11,11,11,11,11,11,11,11,11,11,15,15,15,15,15,15,15,15,15,15,15,15,15,15,15,15,15,15,29,29,29,29,29,29,29,29,29,29,29,29,29,29,29,29,29,29,29,21,21,21,21,21,21,21,21,21,21,21,12,12,12,12,12,13,13,13,13,13,13,13,13,13,13,13,13,13,13,13,18,18,18,18,18,18
18,18,18,18,18,18,18,18,11,11,11,11,11,11,11,11,11,11,11,11,11,11,11,11,11,11,11,15,15,15,15,15,15,15,15,15,15,15,15,15,15,15,15,15,29,29,29,29,29,29,29,29,29,29,29,29,29,29,29,29,29,29,29,29,21,21,21,21,21,21,21,21,12,12,12,12,12,12,12,12,12,13,13,13,13,13,13,13,13,13,13,13,13,13,5,5,5,5,18,18
5,5,5,5,5,5,18,11,11,11,11,11,11,11,11,11,11,11,11,11,11,11,11,11,11,11,11,15,15,15,15,15,15,15,15,15,15,15,15,15,15,15,15,29,29,29,29,29,29,29,29,29,29,29,29,29,29,29,29,29,29,29,29,29,21,21,21,21,21,21,12,12,12,12,12,12,12,12,12,12,12,12,12,13,13,13,13,13,13,13,13,13,13,5,5,5,5,5,5,5
5,5,5,5,5,5,5,11,11,11,11,11,11,11,11,11,11,11,11,11,11,11,11,11,11,11,10,10,10,10,15,15,15,15,15,15,15,15,15,15,15,15,15,29,29,29,29,29,29,29,29,29,29,29,29,29,29,29,29,29,29,29,29,29,29,21,21,21,12,12,12,12,12,12,12,12,12,12,12,12,12,12,12,12,12,13,13,13,13,13,13,5,5,5,5,5,5,5,5,5
5,5,5,5,5,5,5,11,11,11,11,11,11,11,11,11,11,11,11,11,11,11,11,11,11,11,10,10,10,10,10,10,15,15,15,15,15,15,15,15,15,15,15,29,29,29,29,29,29,29,29,29,29,29,29,29,29,29,29,29,29,29,29,29,29,29,12,12,12,12,12,12,12,12,12,12,12,12,12,12,12,12,12,12,12,12,12,13,13,13,5,5,5,5,5,5,5,5,5,5
5,5,5,5,5,5,5,5,11,11,11,11,11,11,11,11,11,11,11,11,11,11,11,11,11,10,10,10,10,10,10,10,10,10,10,15,15,15,15,15,15,15,15,29,29,29,29,29,29,29,29,29,29,29,29,29,29,29,29,29,29,29,29,29,29,12,12,12,12,12,12,12,12,12,12,12,12,12,12,12,12,12,12,12,12,12,12,12,12,5,5,5,5,5,5,5,5,5,5,5
5,5,5,5,5,5,5,5,11,11,11,11,11,11,11,11,11,11,11,11,11,11,11,11,10,10,10,10,10,10,10,10,10,10,10,10,10,15,15,15,15,15,29,29,29,29,29,29,29,29,29,29,29,29,29,29,29,29,29,29,29,29,29,29,29,12,12,12,12,12,12,12,12,12,12,12,12,12,12,12,12,12,12,12,12,12,12,12,12,5,5,5,5,5,5,5,5,5,5,5
5,5,5,5,5,5,5,5,11,11,11,11,11,11,11,11,11,11,11,11,11,11,11,11,10,10,10,10,10,10,10,10,10,10,10,10,10,10,10,10,15,15,29,29,29,29,29,29,29,29,29,29,29,29,29,29,29,29,29,29,29,29,29,7,7,7,12,12,12,12,12,12,12,12,12,12,12,12,12,12,12,12,12,12,12,12,12,12,12,5,5,5,5,5,5,5,5,5,5,5
5,5,5,5,5,5,5,5,5,11,11,11,11,11,11,11,11,11,11,11,11,11,11,10,10,10,10,10,10,10,10,10,10,10,10,10,10,10,10,10,10,31,31,31,31,29,29,29,29,29,29,29,29,29,29,29,29,29,29,29,29,29,7,7,7,7,12,12,12,12,12,12,12,12,12,12,12,12,12,12,12,12,12,12,12,12,12,12,30,30,5,5,5,5,5,5,5,5,5,5
5,5,5,5,5,5,5,5,5,11,11,11,11,11,11,11,11,11,11,11,11,11,11,10,10,10,10,10,10,10,10,10,10,10,10,10,10,10,10,10,31,31,31,31,31,31,31,31,29,29,29,29,29,29,29,29,29,29,29,29,7,7,7,7,7,7,7,12,12,12,12,12,12,12,12,12,12,12,12,12,12,12,12,12,12,12,12,30,30,30,5,5,5,5,5,5,5,5,5,5
5,5,5,5,5,5,5,5,5,11,11,11,11,11,11,11,11,11,11,11,11,11,10,10,10,10,10,10,10,10,10,10,10,10,10,10,10,10,10,10,31,31,31,31,31,31,31,31,31,31,31,29,29,29,29,29,29,29,7,7,7,7,7,7,7,7,7,7,12,12,12,12,12,12,12,12,12,12,12,12,12,12,12,12,12,12,30,30,30,30,30,5,5,5,5,5,5,5,5,5
5,5,5,5,5,5,5,5,5,5,11,11,11,11,11,11,11,11,11,11,11,10,10,10,10,10,10,10,10,10,10,10,10,10,10,10,10,10,10,10,31,31,31,31,31,31,31,31,31,31,31,31,31,31,29,29,7,7,7,7,7,7,7,7,7,7,7,7,12,12,12,12,12,12,12,12,12,12,12,12,12,12,12,12,12,30,30,30,30,30,30,30,5,5,5,5,5,5,5,5
5,5,5,5,5,5,5,5,5,5,11,11,11,11,11,11,11,11,11,11,11,10,10,10,10,10,10,10,10,10,10,10,10,10,10,10,10,10,10,31,31,31,31,31,31,31,31,31,31,31,31,31,31,31,31,31,7,7,7,7,7,7,7,7,7,7,7,7,7,12,12,12,12,12,12,12,12,12,12,12,12,12,12,12,30,30,30,30,30,30,30,30,5,5,5,5,5,5,5,5
5,5,5,5,5,5,5,5,5,5,5,11,11,11,11,11,11,11,11,11,10,10,10,10,10,10,10,10,10,10,10,10,10,10,10,10,10,10,10,31,31,31,31,31,31,31,31,31,31,31,31,31,31,31,31,31,7,7,7,7,7,7,7,7,7,7,7,7,7,7,12,12,12,12,12,12,12,12,12,12,12,12,12,30,30,30,30,30,30,30,30,30,30,5,5,5,5,5,5,5
5,5,5,5,5,5,5,5,5,5,5,11,11,11,11,11,11,11,11,10,10,10,10,10,10,10,10,10,10,10,10,10,10,10,10,10,10,10,10,31,31,31,31,31,31,31,31,31,31,31,31,31,31,31,31,31,7,7,7,7,7,7,7,7,7,7,7,7,7,7,7,12,12,12,12,12,12,12,12,12,12,12,30,30,30,30,30,30,30,30,30,30,30,30,5,5,5,5,5,5
5,5,5,5,5,5,5,5,5,5,5,11,11,11,11,11,11,11,11,10,10,10,10,10,10,10,10,10,10,10,10,10,10,10,10,10,10,10,31,31,31,31,31,31,31,31,31,31,31,31,31,31,31,31,31,31,7,7,7,7,7,7,7,7,7,7,7,7,7,7,7,12,12,12,12,12,12,12,12,12,12,12,30,30,30,30,30,30,30,30,30,30,30,30,5,5,5,5,5,5
5,5,5,5,5,5,5,5,5,5,5,24,24,24,11,11,11,11,10,10,10,10,10,10,10,10,10,10,10,10,10,10,10,10,10,10,10,10,31,31,31,31,31,31,31,31,31,31,31,31,31,31,31,31,31,31,7,7,7,7,7,7,7,7,7,7,7,7,7,7,7,7,12,12,12,12,12,12,12,12,12,30,30,30,30,30,30,30,30,30,30,30,30,30,30,5,5,5,5,5
5,5,5,5,5,5,5,5,5,24,24,24,24,24,24,24,24,24,10,10,10,10,10,10,10,10,10,10,10,10,10,10,10,10,10,10,10,10,31,31,31,31,31,31,31,31,31,31,31,31,31,31,31,31,31,31,7,7,7,7,7,7,7,7,7,7,7,7,7,7,7,7,7,12,12,12,12,12,12,12,30,30,30,30,30,30,30,30,30,30,30,30,30,30,30,30,5,5,5,5
5,5,5,5,5,5,5,5,24,24,24,24,24,24,24,24,24,24,24,10,10,10,10,10,10,10,10,10,10,10,10,10,10,10,10,10,10,31,31,31,31,31,31,31,31,31,31,31,31,31,31,31,31,31,31,31,7,7,7,7,7,7,7,7,7,7,7,7,7,7,7,7,7,12,12,12,12,12,12,30,30,30,30,30,30,30,30,30,30,30,30,30,30,30,30,30,5,5,5,5
5,5,5,5,5,5,24,24,24,24,24,24,24,24,24,24,24,24,24,24,10,10,10,10,10,10,10,10,10,10,10,10,10,10,10,10,25,31,31,31,31,31,31,31,31,31,31,31,31,31,31,31,31,31,31,31,7,7,7,7,7,7,7,7,7,7,7,7,7,7,7,7,7,7,12,12,12,12,30,30,30,30,30,30,30,30,30,30,30,30,30,30,30,30,30,30,30,5,5,5
5,5,5,5,5,24,24,24,24,24,24,24,24,24,24,24,24,24,24,24,24,10,10,10,10,10,10,10,10,10,10,10,25,25,25,25,25,25,31,31,31,31,31,31,31,31,31,31,31,31,31,31,31,31,31,31,7,7,7,7,7,7,7,7,7,7,7,7,7,7,7,7,7,7,7,12,12,30,30,30,30,30,30,30,30,30,30,30,30,30,30,30,30,30,30,30,30,30,5,5
5,5,5,24,24,24,24,24,24,24,24,24,24,24,24,24,24,24,24,24,24,10,10,10,10,10,10,10,25,25,25,25,25,25,25,25,25,25,25,31,31,31,31,31,31,31,31,31,31,31,31,31,31,31,31,31,7,7,7,7,7,7,7,7,7,7,7,7,7,7,7,7,7,7,7,7,30,30,30,30,30,30,30,30,30,30,30,30,30,30,30,30,30,30,30,30,30,30,5,5
5,5,24,24,24,24,24,24,24,24,24,24,24,24,24,24,24,24,24,24,24,24,10,10,10,25,25,25,25,25,25,25,25,25,25,25,25,25,25,31,31,31,31,31,31,31,31,31,31,31,31,31,31,31,31,31,7,7,7,7,7,7,7,7,7,7,7,7,7,7,7,7,7,7,7,7,30,30,30,30,30,30,30,30,30,30,30,30,30,30,30,30,30,30,30,30,30,30,30,5
24,24,24,24,24,24,24,24,24,24,24,24,24,24,24,24,24,24,24,24,24,24,24,25,25,25,25,25,25,25,25,25,25,25,25,25,25,25,25,25,31,31,31,31,31,31,31,31,31,31,31,31,31,31,31,31,7,7,7,7,7,7,7,7,7,7,7,7,7,7,7,7,7,7,7,7,30,30,30,30,30,30,30,30,30,30,30,30,30,30,30,30,30,30,30,30,30,30,30,30
24,24,24,24,24,24,24,24,24,24,24,24,24,24,24,24,24,24,24,24,24,24,24,25,25,25,25,25,25,25,25,25,25,25,25,25,25,25,25,25,25,31,31,31,31,31,31,31,31,31,31,31,31,31,31,31,7,7,7,7,7,7,7,7,7,7,7,7,7,7,7,7,7,7,7,7,30,30,30,30,30,30,30,30,30,30,30,30,30,30,30,30,30,30,30,30,30,30,30,30
24,24,24,24,24,24,24,24,24,24,24,24,24,24,24,24,24,24,24,24,24,24,24,25,25,25,25,25,25,25,25,25,25,25,25,25,25,25,25,25,25,31,31,31,31,31,31,31,31,31,31,31,31,31,31,31,7,7,7,7,7,7,7,7,7,7,7,7,7,7,7,7,7,7,7,7,30,30,30,30,30,30,30,30,30,30,30,30,30,30,30,30,30,30,30,30,30,30,30,24
24,24,24,24,24,24,24,24,24,24,24,24,24,24,24,24,24,24,24,24,24,24,24,25,25,25,25,25,25,25,25,25,25,25,25,25,25,25,25,25,25,25,19,19,19,19,19,19,19,19,19,19,19,19,19,19,7,7,7,7,7,7,7,7,7,7,7,7,7,7,7,7,7,7,7,7,30,30,30,30,30,30,30,30,30,30,30,30,30,30,30,30,30,30,30,30,30,30,30,24
24,24,24,24,24,24,24,24,24,24,24,24,24,24,24,24,24,24,24,24,24,24,24,25,25,25,25,25,25,25,25,25,25,25,25,25,25,25,25,25,25,25,19,19,19,19,19,19,19,19,19,19,19,19,19,19,19,7,7,7,7,7,7,7,7,7,7,7,7,7,7,7,7,7,7,2,2,2,2,2,2,2,30,30,30,30,30,30,30,30,30,30,30,30,30,30,30,32,32,32
32,24,24,24,24,24,24,24,24,24,24,24,24,24,24,24,24,24,24,24,24,24,24,25,25,25,25,25,25,25,25,25,25,25,25,25,25,25,25,25,25,19,19,19,19,19,19,19,19,19,19,19,19,19,19,19,19,19,7,7,7,7,7,7,7,7,7,7,7,7,7,7,7,7,2,2,2,2,2,2,2,2,2,2,2,2,2,2,2,2,2,30,30,30,30,30,32,32,32,32
32,32,24,24,24,24,24,24,24,24,24,24,24,24,24,24,24,24,24,24,24,24,24,25,25,25,25,25,25,25,25,25,25,25,25,25,25,25,25,25,25,19,19,19,19,19,19,19,19,19,19,19,19,19,19,19,19,19,7,7,7,7,7,7,7,7,7,7,7,7,7,7,7,7,2,2,2,2,2,2,2,2,2,2,2,2,2,2,2,2,2,2,2,2,2,32,32,32,32,32
32,32,32,24,24,24,24,24,24,24,24,24,24,24,24,24,24,24,24,24,24,24,24,25,25,25,25,25,25,25,25,25,25,25,25,25,25,25,25,25,19,19,19,19,19,19,19,19,19,19,19,19,19,19,19,19,19,19,19,7,7,7,7,7,7,7,7,7,9,9,9,9,9,9,2,2,2,2,2,2,2,2,2,2,2,2,2,2,2,2,2,2,2,2,2,32,32,32,32,32
32,32,32,32,24,24,24,24,24,24,24,24,24,24,24,24,24,24,24,24,24,24,24,25,25,25,25,25,25,25,25,25,25,25,25,25,25,25,25,25,19,19,19,19,19,19,19,19,19,19,19,19,19,19,19,19,19,19,19,19,7,9,9,9,9,9,9,9,9,9,9,9,9,9,2,2,2,2,2,2,2,2,2,2,2,2,2,2,2,2,2,2,2,2,2,32,32,32,32,32
32,32,32,32,32,24,24,24,24,24,24,24,24,24,24,24,24,24,24,24,24,24,4,4,25,25,25,25,25,25,25,25,25,25,25,25,25,25,25,25,19,19,19,19,19,19,19,19,19,19,19,19,19,19,19,19,19,19,19,19,9,9,9,9,9,9,9,9,9,9,9,9,9,9,2,2,2,2,2,2,2,2,2,2,2,2,2,2,2,2,2,2,2,2,2,32,32,32,32,32
32,32,32,32,32,32,24,24,24,24,24,24,24,24,24,24,24,24,24,24,24,4,4,4,4,4,25,25,25,25,25,25,25,25,25,25,25,25,25,19,19,19,19,19,19,19,19,19,19,19,19,19,19,19,19,19,19,19,19,9,9,9,9,9,9,9,9,9,9,9,9,9,9,9,9,2,2,2,2,2,2,2,2,2,2,2,2,2,2,2,2,2,2,2,32,32,32,32,32,32
32,32,32,32,32,32,32,24,24,24,24,24,24,24,24,24,24,24,24,24,4,4,4,4,4,4,4,4,25,25,25,25,25,25,25,25,25,25,25,19,19,19,19,19,19,19,19,19,19,19,19,19,19,19,19,19,19,19,19,9,9,9,9,9,9,9,9,9,9,9,9,9,9,9,9,2,2,2,2,2,2,2,2,2,2,2,2,2,2,2,2,2,2,2,32,32,32,32,32,32
32,32,32,32,32,32,32,32,24,24,24,24,24,24,24,24,24,24,24,4,4,4,4,4,4,4,4,4,4,4,25,25,25,25,25,25,25,25,25,19,19,19,19,19,19,19,19,19,19,19,19,19,19,19,19,19,19,19,9,9,9,9,9,9,9,9,9,9,9,9,9,9,9,9,9,2,2,2,2,2,2,2,2,2,2,2,2,2,2,2,2,2,2,2,32,32,32,32,32,32
32,32,32,32,32,32,32,32,32,32,24,24,24,24,24,24,24,24,4,4,4,4,4,4,4,4,4,4,4,4,4,4,25,25,25,25,25,25,19,19,19,19,19,19,19,19,19,19,19,19,19,19,19,19,19,19,19,19,9,9,9,9,9,9,9,9,9,9,9,9,9,9,9,9,9,9,2,2,2,2,2,2,2,2,2,2,2,2,2,2,2,2,2,2,32,32,32,32,32,32
32,32,32,32,32,32,32,32,32,32,32,24,24,24,24,24,24,4,4,4,4,4,4,4,4,4,4,4,4,4,4,4,4,25,25,25,25,25,19,19,19,19,19,19,19,19,19,19,19,19,19,19,19,19,19,19,19,19,9,9,9,9,9,9,9,9,9,9,9,9,9,9,9,9,9,9,2,2,2,2,2,2,2,2,2,2,2,2,2,2,2,2,2,2,32,32,32,32,32,32
32,32,32,32,32,32,32,32,32,32,32,32,24,24,24,24,4,4,4,4,4,4,4,4,4,4,4,4,4,4,4,4,4,4,4,25,25,25,19,19,19,19,19,19,19,19,19,19,19,19,19,19,19,19,19,19,19,9,9,9,9,9,9,9,9,9,9,9,9,9,9,9,9,9,9,9,2,2,2,2,2,2,2,2,2,2,2,2,2,2,2,2,2,32,32,32,32,32,32,32
32,32,32,32,32,32,32,32,32,32,32,32,32,24,24,4,4,4,4,4,4,4,4,4,4,4,4,4,4,4,4,4,4,4,4,4,4,19,19,19,19,19,19,19,19,19,19,19,19,19,19,19,19,19,19,33,33,33,9,9,9,9,9,9,9,9,9,9,9,9,9,9,9,9,9,9,9,2,2,2,2,2,2,2,2,2,2,2,2,2,2,2,2,32,32,32,32,32,32,32
32,32,32,32,32,32,32,32,32,32,32,32,32,32,4,4,4,4,4,4,4,4,4,4,4,4,4,4,4,4,4,4,4,4,4,4,4,4,19,19,19,19,19,19,19,19,19,19,19,19,19,19,19,33,33,33,33,33,9,9,9,9,9,9,9,9,9,9,9,9,9,9,9,9,9,9,9,2,2,2,2,2,2,2,2,2,2,2,2,2,2,2,2,32,32,32,32,32,32,32
32,32,32,32,32,32,32,32,32,32,32,32,32,4,4,4,4,4,4,4,4,4,4,4,4,4,4,4,4,4,4,4,4,4,4,4,4,16,16,16,16,19,19,19,19,19,19,19,19,19,19,33,33,33,33,33,33,33,33,9,9,9,9,9,9,9,9,9,9,9,9,9,9,9,9,9,9,2,2,2,2,2,2,2,2,2,2,2,2,2,2,2,2,32,32,32,32,32,32,32
32,32,32,32,32,32,32,32,32,32,32,32,32,4,4,4,4,4,4,4,4,4,4,4,4,4,4,4,4,4,4,4,4,4,4,4,16,16,16,16,16,16,16,19,19,19,19,19,19,33,33,33,33,33,33,33,33,33,33,9,9,9,9,9,9,9,9,9,9,9,9,9,9,9,9,9,9,9,2,2,2,2,2,2,2,2,2,2,2,2,2,27,27,27,32,32,32,32,32,32
32,32,32,32,32,32,32,32,32,32,32,8,8,8,4,4,4,4,4,4,4,4,4,4,4,4,4,4,4,4,4,4,4,4,4,4,16,16,16,16,16,16,16,16,16,16,33,33,33,33,33,33,33,33,33,33,33,33,33,33,9,9,9,9,9,9,9,9,9,9,9,9,9,9,9,9,9,9,2,2,2,2,2,2,2,2,2,2,27,27,27,27,27,27,27,32,32,32,32,32
32,32,32,32,32,32,32,32,8,8,8,8,8,8,8,4,4,4,4,4,4,4,4,4,4,4,4,4,4,4,4,4,4,4,4,16,16,16,16,16,16,16,16,16,16,16,16,33,33,33,33,33,33,33,33,33,33,33,33,33,9,9,9,9,9,9,9,9,9,9,9,9,9,9,9,9,9,9,2,2,2,2,2,2,2,2,27,27,27,27,27,27,27,27,27,27,32,32,32,32
32,32,32,32,32,32,8,8,8,8,8,8,8,8,8,4,4,4,4,4,4,4,4,4,4,4,4,4,4,4,4,4,4,4,4,16,16,16,16,16,16,16,16,16,16,16,16,33,33,33,33,33,33,33,33,33,33,33,33,33,33,9,9,9,9,9,9,9,9,9,9,9,9,9,9,9,9,9,9,2,2,2,2,27,27,27,27,27,27,27,27,27,27,27,27,27,27,32,32,32
32,32,32,32,8,8,8,8,8,8,8,8,8,8,8,8,4,4,4,4,4,4,4,4,4,4,4,4,4,4,4,4,4,4,16,16,16,16,16,16,16,16,16,16,16,16,16,33,33,33,33,33,33,33,33,33,33,33,33,33,33,33,9,9,9,9,9,9,9,9,9,9,9,9,9,9,9,9,9,2,2,27,27,27,27,27,27,27,27,27,27,27,27,27,27,27,27,27,32,32
32,32,8,8,8,8,8,8,8,8,8,8,8,8,8,8,4,4,4,4,4,4,4,4,4,4,4,4,4,4,4,4,4,16,16,16,16,16,16,16,16,16,16,16,16,16,16,33,33,33,33,33,33,33,33,33,33,33,33,33,33,33,9,9,9,9,9,9,9,9,9,9,9,9,9,9,9,9,9,27,27,27,27,27,27,27,27,27,27,27,27,27,27,27,27,27,27,27,27,32
8,8,8,8,8,8,8,8,8,8,8,8,8,8,8,8,8,4,4,4,4,4,4,4,4,4,4,4,4,4,4,4,4,16,16,16,16,16,16,16,16,16,16,16,16,16,16,16,33,33,33,33,33,33,33,33,33,33,33,33,33,33,33,9,9,9,9,9,9,9,9,9,9,9,9,9,9,9,9,27,27,27,27,27,27,27,27,27,27,27,27,27,27,27,27,27,27,27,27,27
8,8,8,8,8,8,8,8,8,8,8,8,8,8,8,8,8,4,4,4,4,4,4,4,4,4,4,4,4,4,4,4,16,16,16,16,16,16,16,16,16,16,16,16,16,16,16,16,33,33,33,33,33,33,33,33,33,33,33,33,33,33,33,9,9,9,9,9,9,9,9,9,9,9,9,9,9,9,26,27,27,27,27,27,27,27,27,27,27,27,27,27,27,27,27,27,27,27,27,27
8,8,8,8,8,8,8,8,8,8,8,8,8,8,8,8,8,8,4,4,4,4,4,4,4,4,4,4,4,4,4,16,16,16,16,16,16,16,16,16,16,16,16,16,16,16,16,16,33,33,33,33,33,33,33,33,33,33,33,33,33,33,33,33,9,9,9,9,9,9,9,9,9,9,9,9,26,26,26,26,27,27,27,27,27,27,27,27,27,27,27,27,27,27,27,27,27,27,27,8
8,8,8,8,8,8,8,8,8,8,8,8,8,8,8,8,8,8,8,4,4,4,4,4,4,4,4,4,4,4,23,16,16,16,16,16,16,16,16,16,16,16,16,16,16,16,16,16,33,33,33,33,33,33,33,33,33,33,33,33,33,33,33,33,9,9,9,9,9,9,9,9,9,9,26,26,26,26,26,26,26,27,27,27,27,27,27,27,27,27,27,27,27,27,27,27,27,27,27,8
8,8,8,8,8,8,8,8,8,8,8,8,8,8,8,8,8,8,8,4,4,4,4,23,23,23,23,23,23,23,23,23,16,16,16,16,16,16,16,16,16,16,16,16,16,16,16,16,33,33,33,33,33,33,33,33,33,33,33,33,33,33,33,33,33,9,9,9,9,9,9,9,26,26,26,26,26,26,26,26,26,26,27,27,27,27,27,27,27,27,27,27,27,27,27,27,27,27,27,8
8,8,8,8,8,8,8,8,8,8,8,8,8,8,8,8,8,8,8,23,23,23,23,23,23,23,23,23,23,23,23,23,16,16,16,16,16,16,16,16,16,16,16,16,16,16,16,16,16,33,33,33,33,33,33,33,33,33,33,33,33,33,33,33,33,9,9,9,9,9,26,26,26,26,26,26,26,26,26,26,26,26,27,27,27,27,27,27,27,27,27,27,27,27,27,27,27,27,27,8
8,8,8,8,8,8,8,8,8,8,8,8,8,8,8,8,8,8,8,23,23,23,23,23,23,23,23,23,23,23,23,23,23,16,16,16,16,16,16,16,16,16,16,16,16,16,16,16,16,33,33,33,33,33,33,33,33,33,33,33,33,33,33,33,33,33,9,9,26,26,26,26,26,26,26,26,26,26,26,26,26,26,26,27,27,27,27,27,27,27,27,27,27,27,27,27,27,27,27,8
8,8,8,8,8,8,8,8,8,8,8,8,8,8,8,8,8,8,8,23,23,23,23,23,23,23,23,23,23,23,23,23,23,23,16,16,16,16,16,16,16,16,16,16,16,16,16,16,16,33,33,33,33,33,33,33,33,33,33,33,33,3,3,3,3,3,3,26,26,26,26,26,26,26,26,26,26,26,26,26,26,26,26,26,27,27,27,27,27,27,27,27,27,27,27,27,27,27,27,8
8,8,8,8,8,8,8,8,8,8,8,8,8,8,8,8,8,8,23,23,23,23,23,23,23,23,23,23,23,23,23,23,23,23,23,16,16,16,16,16,16,16,16,16,16,16,16,16,16,33,33,33,33,33,3,3,3,3,3,3,3,3,3,3,3,3,3,26,26,26,26,26,26,26,26,26,26,26,26,26,26,26,26,26,26,27,27,27,27,27,27,27,27,27,27,27,27,27,8,8
8,8,8,8,8,8,8,8,8,8,8,8,8,8,8,8,17,17,23,23,23,23,23,23,23,23,23,23,23,23,23,23,23,23,23,16,16,16,16,16,16,16,16,16,16,16,16,16,16,3,3,3,3,3,3,3,3,3,3,3,3,3,3,3,3,3,3,26,26,26,26,26,26,26,26,26,26,26,26,26,26,26,26,26,26,26,27,27,27,27,27,27,27,27,27,27,27,27,8,8
8,8,8,8,8,8,8,8,8,8,8,8,8,8,17,17,17,17,17,23,23,23,23,23,23,23,23,23,23,23,23,23,23,23,23,23,16,16,16,16,16,16,16,16,16,16,16,16,3,3,3,3,3,3,3,3,3,3,3,3,3,3,3,3,3,3,3,26,26,26,26,26,26,26,26,26,26,26,26,26,26,26,26,26,26,26,26,27,27,27,27,27,27,27,27,27,27,27,8,8
8,8,8,8,8,8,8,8,8,8,8,17,17,17,17,17,17,17,17,23,23,23,23,23,23,23,23,23,23,23,23,23,23,23,23,23,23,16,16,16,16,16,16,16,16,16,16,16,3,3,3,3,3,3,3,3,3,3,3,3,3,3,3,3,3,3,3,26,26,26,26,26,26,26,26,26,26,26,26,26,26,26,26,26,26,26,26,26,27,27,27,27,27,27,27,27,27,27,8,8
8,8,8,8,8,8,8,8,8,17,17,17,17,17,17,17,17,17,17,23,23,23,23,23,23,23,23,23,23,23,23,23,23,23,23,23,23,23,16,16,16,16,16,16,16,16,16,3,3,3,3,3,3,3,3,3,3,3,3,3,3,3,3,3,3,3,3,26,26,26,26,26,26,26,26,26,26,26,26,26,26,26,26,26,26,26,26,26,27,27,27,27,27,27,27,27,27,27,8,8
8,8,8,8,8,8,17,17,17,17,17,17,17,17,17,17,17,17,17,17,23,23,23,23,23,23,23,23,23,23,23,23,23,23,23,23,23,23,16,16,16,16,16,16,16,16,3,3,3,3,3,3,3,3,3,3,3,3,3,3,3,3,3,3,3,3,3,26,26,26,26,26,26,26,26,26,26,26,26,26,26,26,26,26,26,26,26,26,26,27,27,27,27,27,27,27,27,8,8,8
8,8,8,8,17,17,17,17,17,17,17,17,17,17,17,17,17,17,17,17,23,23,23,23,23,23,23,23,23,23,23,23,23,23,23,23,23,23,23,16,16,16,16,16,16,16,3,3,3,3,3,3,3,3,3,3,3,3,3,3,3,3,3,3,3,3,3,26,26,26,26,26,26,26,26,26,26,26,26,26,26,26,26,26,26,26,26,26,26,26,27,27,27,27,27,27,22,22,8,8
22,17,17,17,17,17,17,17,17,17,17,17,17,17,17,17,17,17,17,17,23,23,23,23,23,23,23,23,23,23,23,23,23,23,23,23,23,23,23,23,16,16,16,16,16,3,3,3,3,3,3,3,3,3,3,3,3,3,3,3,3,3,3,3,3,3,3,26,26,26,26,26,26,26,26,26,26,26,26,26,26,26,26,26,26,26,26,26,26,26,26,27,22,22,22,22,22,22,22,22
22,22,17,17,17,17,17,17,17,17,17,17,17,17,17,17,17,17,17,17,17,23,23,23,23,23,23,23,23,23,23,23,23,23,23,23,23,23,23,23,23,16,16,16,3,3,3,3,3,3,3,3,3,3,3,3,3,3,3,3,3,3,3,3,3,3,3,26,26,26,26,26,26,26,26,26,26,26,26,26,26,26,26,26,26,26,26,26,26,26,26,22,22,22,22,22,22,22,22,22
